{
  "main": {
    "id": "99936eee2d9d0351",
    "type": "split",
    "children": [
      {
        "id": "c941e9f65e7df3fa",
        "type": "tabs",
        "children": [
          {
            "id": "3dfd0d6fd8090e83",
            "type": "leaf",
            "state": {
              "type": "markdown",
              "state": {
                "file": "Chapter 3 Notes.md",
                "mode": "source",
                "source": false
              }
            }
          },
          {
            "id": "8dafed0281732418",
            "type": "leaf",
            "state": {
              "type": "markdown",
              "state": {
                "file": "Chapter 3 Notes.md",
                "mode": "source",
                "source": false
              }
            }
          }
        ],
        "currentTab": 1
      }
    ],
    "direction": "vertical"
  },
  "left": {
    "id": "8bafc1ca1ab379c0",
    "type": "split",
    "children": [
      {
        "id": "5d8a0c08bb004b33",
        "type": "tabs",
        "children": [
          {
            "id": "81f078b1585a3e64",
            "type": "leaf",
            "state": {
              "type": "file-explorer",
              "state": {
                "sortOrder": "alphabetical"
              }
            }
          },
          {
            "id": "3b26653be526c2db",
            "type": "leaf",
            "state": {
              "type": "search",
              "state": {
                "query": "",
                "matchingCase": false,
                "explainSearch": false,
                "collapseAll": false,
                "extraContext": false,
                "sortOrder": "alphabetical"
              }
            }
          },
          {
            "id": "5f695ad1adbca07e",
            "type": "leaf",
            "state": {
              "type": "bookmarks",
              "state": {}
            }
          }
        ]
      }
    ],
    "direction": "horizontal",
    "width": 300
  },
  "right": {
    "id": "d8b66a87a2ddbaed",
    "type": "split",
    "children": [
      {
        "id": "7bb90d4f53114ae7",
        "type": "tabs",
        "children": [
          {
            "id": "dac7e81f11969f60",
            "type": "leaf",
            "state": {
              "type": "backlink",
              "state": {
                "file": "Chapter 3 Notes.md",
                "collapseAll": false,
                "extraContext": false,
                "sortOrder": "alphabetical",
                "showSearch": false,
                "searchQuery": "",
                "backlinkCollapsed": false,
                "unlinkedCollapsed": true
              }
            }
          },
          {
            "id": "0ca4e6ec8f1ff6cf",
            "type": "leaf",
            "state": {
              "type": "outgoing-link",
              "state": {
                "file": "Chapter 3 Notes.md",
                "linksCollapsed": false,
                "unlinkedCollapsed": true
              }
            }
          },
          {
            "id": "5e7de3909947879b",
            "type": "leaf",
            "state": {
              "type": "tag",
              "state": {
                "sortOrder": "frequency",
                "useHierarchy": true
              }
            }
          },
          {
            "id": "606da49d7e3ba3d2",
            "type": "leaf",
            "state": {
              "type": "outline",
              "state": {
                "file": "Chapter 3 Notes.md"
              }
            }
          }
        ]
      }
    ],
    "direction": "horizontal",
    "width": 300,
    "collapsed": true
  },
  "left-ribbon": {
    "hiddenItems": {
      "switcher:Open quick switcher": false,
      "graph:Open graph view": false,
      "canvas:Create new canvas": false,
      "daily-notes:Open today's daily note": false,
      "templates:Insert template": false,
      "command-palette:Open command palette": false
    }
  },
  "active": "8dafed0281732418",
  "lastOpenFiles": [
    "Time Chart.md",
    "Welcome.md",
    "Chapter 2 Notes.md",
    "Chapter 3 Notes.md",
    "Textbook.md",
    "Chapter 1 Notes.md",
    "Presentation Notes.md"
  ]
}